time_idx,origin,horizon,actual,prediction
42313,42313,1,215.0,226.18212381998697
42314,42313,2,210.0,204.14567057291663
42315,42313,3,214.0,202.5190887451172
42316,42313,4,214.0,200.0394083658854
42317,42313,5,272.0,204.76468912760416
42318,42313,6,198.0,196.3813018798828
42319,42313,7,176.0,202.37252807617188
42320,42313,8,159.0,204.2567901611328
42321,42313,9,158.0,207.56992085774738
42322,42313,10,137.0,189.65342712402344
42323,42313,11,156.0,175.6116739908854
42324,42313,12,161.0,181.47276306152344
42325,42313,13,163.0,188.26925659179688
42326,42313,14,178.0,193.86461385091144
42327,42313,15,180.0,190.5394795735677
42328,42313,16,179.0,188.2908477783203
42329,42313,17,182.0,187.54664103190103
42330,42313,18,192.0,192.22811381022134
42331,42313,19,199.0,196.69169108072913
42332,42313,20,208.0,206.5129191080729
42333,42313,21,212.0,199.06817626953125
42334,42313,22,193.0,195.79677327473956
42335,42313,23,205.0,202.79105122884113
42336,42313,24,206.0,192.55951436360675
42337,42313,25,212.0,209.96281433105466
42338,42313,26,216.0,217.39171346028644
42339,42313,27,232.0,209.82228088378906
42340,42313,28,223.0,206.44789632161456
42341,42313,29,229.0,206.0759582519531
42342,42313,30,206.0,204.52248128255206
42343,42313,31,194.0,197.49572245279947
42344,42313,32,211.0,204.8821818033854
42345,42313,33,225.0,201.42708841959634
42346,42313,34,169.0,205.9879455566406
42347,42313,35,144.0,202.13582356770831
42348,42313,36,150.0,193.67852783203122
42349,42313,37,144.0,206.79090372721353
42350,42313,38,143.0,215.57831827799478
42351,42313,39,143.0,192.8011728922526
42352,42313,40,145.0,182.59667460123697
42353,42313,41,152.0,194.77942911783853
42354,42313,42,165.0,219.62877400716144
42355,42313,43,176.0,219.20054626464844
42356,42313,44,209.0,212.68611145019528
42357,42313,45,224.0,212.80390930175778
42358,42313,46,200.0,223.08833821614581
42359,42313,47,188.0,217.50475056966144
42360,42313,48,184.0,218.59287007649738
42361,42313,49,180.0,222.0337422688802
42362,42313,50,189.0,211.09623718261716
42363,42313,51,215.0,219.94436645507812
42364,42313,52,180.0,207.91611735026038
42365,42313,53,81.0,201.65839131673175
42366,42313,54,78.0,196.61849975585938
42367,42313,55,24.0,186.4744923909505
42368,42313,56,26.0,187.72366841634113
42369,42313,57,29.0,178.3696746826172
42370,42313,58,22.0,167.6719207763672
42371,42313,59,14.0,134.02186838785806
42372,42313,60,11.0,96.5458272298177
42373,42313,61,12.0,71.69906489054361
42374,42313,62,11.0,62.16238276163737
42375,42313,63,13.0,56.17701975504556
42376,42313,64,12.0,51.65294520060221
42377,42313,65,9.0,41.97584788004557
42378,42313,66,10.0,40.137465159098305
42379,42313,67,10.0,42.64503733317057
42380,42313,68,15.0,46.437613169352204
42381,42313,69,18.0,50.816925048828125
42382,42313,70,18.0,47.73090616861979
42383,42313,71,14.0,44.165690104166664
42384,42313,72,16.0,43.22725296020507
42385,42313,73,10.0,35.68118794759114
42386,42313,74,9.0,23.80980682373047
42387,42313,75,6.0,17.316131591796875
42388,42313,76,8.0,9.497299194335938
42389,42313,77,6.0,7.532892862955729
42390,42313,78,3.0,5.4394887288411455
42391,42313,79,2.0,6.380867004394531
42392,42313,80,8.0,12.289576212565102
42393,42313,81,8.0,13.527046203613281
42394,42313,82,7.0,11.049883524576822
42395,42313,83,6.0,12.093355814615883
42396,42313,84,8.0,8.62250264485677
42397,42313,85,6.0,7.729105631510416
42398,42313,86,9.0,2.0604298909505205
42399,42313,87,8.0,1.672119140625
42400,42313,88,7.0,2.378077189127604
42401,42313,89,10.0,1.018976847330729
42402,42313,90,10.0,0.0
42403,42313,91,11.0,0.0
42404,42313,92,10.0,2.814442952473958
42405,42313,93,7.0,9.478797912597656
42406,42313,94,8.0,21.22602335611979
42407,42313,95,7.0,51.35918553670247
42408,42313,96,10.0,72.97885640462239
42409,42313,97,17.0,80.07378387451172
42410,42313,98,22.0,81.99648030598958
42411,42313,99,28.0,72.95539347330728
42412,42313,100,28.0,95.0322494506836
42413,42313,101,26.0,112.4332529703776
42414,42313,102,25.0,98.02032470703125
42415,42313,103,20.0,109.14942932128905
42416,42313,104,11.0,108.96560668945312
42417,42313,105,28.0,107.5525894165039
42418,42313,106,39.0,98.24337259928384
42419,42313,107,38.0,73.15095011393228
42420,42313,108,14.0,61.51539357503255
42421,42313,109,11.0,69.52528762817383
42422,42313,110,18.0,73.054323832194
42423,42313,111,8.0,73.55972417195638
42424,42313,112,10.0,72.67727661132812
42425,42313,113,10.0,71.95440038045247
42426,42313,114,11.0,74.64735412597656
42427,42313,115,23.0,82.23738606770833
42428,42313,116,34.0,118.98917897542316
42429,42313,117,40.0,175.2660675048828
42430,42313,118,43.0,191.70052083333331
42431,42313,119,48.0,194.74041748046875
42432,42313,120,57.0,194.6124064127604
42433,42313,121,61.0,192.21622212727863
42434,42313,122,60.0,187.18538411458331
42435,42313,123,68.0,201.0893096923828
42436,42313,124,76.0,200.18299357096353
42437,42313,125,72.0,219.4634094238281
42438,42313,126,80.0,219.30364990234372
42439,42313,127,80.0,210.871826171875
42440,42313,128,66.0,210.98321533203125
42441,42313,129,64.0,216.52782694498694
42442,42313,130,85.0,208.51459248860675
42443,42313,131,96.0,202.01052856445312
42444,42313,132,109.0,195.1611124674479
42445,42313,133,118.0,191.54189046223956
42446,42313,134,141.0,181.25243123372394
42447,42313,135,159.0,172.79027811686197
42448,42313,136,153.0,181.67984008789062
42449,42313,137,153.0,190.2352803548177
42450,42313,138,152.0,218.55621337890625
42451,42313,139,157.0,238.82698567708331
42452,42313,140,159.0,240.94018046061194
42453,42313,141,196.0,252.21868896484372
42454,42313,142,208.0,263.0549011230469
42455,42313,143,215.0,245.29550170898438
42456,42313,144,255.0,241.60138956705728
42457,42313,145,239.0,218.61885579427081
42458,42313,146,232.0,208.7026926676432
42459,42313,147,210.0,209.42534891764322
42460,42313,148,184.0,176.55719502766925
42461,42313,149,174.0,175.3783442179362
42462,42313,150,164.0,174.19925944010416
42463,42313,151,147.0,147.90381876627603
42464,42313,152,98.0,134.96068064371744
42465,42313,153,136.0,137.627197265625
42466,42313,154,137.0,119.73232777913411
42467,42313,155,90.0,103.01752217610677
42468,42313,156,14.0,85.10967254638672
42469,42313,157,8.0,53.78480275472005
42470,42313,158,8.0,44.05004374186198
42471,42313,159,11.0,39.07534535725911
42472,42313,160,9.0,42.306882222493485
42473,42313,161,6.0,42.3809585571289
42474,42313,162,6.0,40.51669057210286
42475,42313,163,10.0,39.33870188395182
42476,42313,164,10.0,39.822026570638016
42477,42313,165,7.0,38.34960174560547
42478,42313,166,6.0,60.27720387776692
42479,42313,167,5.0,48.6835962931315
42480,42313,168,6.0,51.44371032714843
42481,42481,1,4.0,53.585525512695305
42482,42481,2,5.0,42.999944051106766
42483,42481,3,4.0,27.8916753133138
42484,42481,4,3.0,13.175254821777344
42485,42481,5,8.0,4.136685689290364
42486,42481,6,9.0,1.6489613850911458
42487,42481,7,7.0,1.522857666015625
42488,42481,8,7.0,6.805936177571614
42489,42481,9,9.0,7.3339894612630205
42490,42481,10,11.0,1.894007364908854
42491,42481,11,10.0,0.8537317911783854
42492,42481,12,9.0,0.0
42493,42481,13,7.0,0.0
42494,42481,14,4.0,0.0
42495,42481,15,3.0,0.0
42496,42481,16,4.0,4.365948994954427
42497,42481,17,7.0,6.253766377766927
42498,42481,18,6.0,10.383369445800781
42499,42481,19,6.0,29.31873321533203
42500,42481,20,33.0,53.353790283203125
42501,42481,21,40.0,65.35314814249674
42502,42481,22,40.0,82.68166987101236
42503,42481,23,48.0,84.56689325968424
42504,42481,24,44.0,96.4404691060384
42505,42481,25,41.0,97.96956761678058
42506,42481,26,44.0,98.22768529256184
42507,42481,27,45.0,93.41883341471353
42508,42481,28,79.0,90.18163681030273
42509,42481,29,76.0,92.15770721435547
42510,42481,30,79.0,122.32839202880858
42511,42481,31,90.0,139.2432632446289
42512,42481,32,73.0,119.90559895833333
42513,42481,33,70.0,114.73693593343097
42514,42481,34,66.0,99.5602200826009
42515,42481,35,59.0,88.4689343770345
42516,42481,36,62.0,93.12487157185872
42517,42481,37,60.0,99.9766502380371
42518,42481,38,41.0,107.10821787516275
42519,42481,39,38.0,109.52017466227213
42520,42481,40,33.0,129.36860402425128
42521,42481,41,18.0,135.7687276204427
42522,42481,42,28.0,136.68088022867838
42523,42481,43,46.0,139.32032267252603
42524,42481,44,51.0,135.82523600260416
42525,42481,45,57.0,137.71390787760416
42526,42481,46,37.0,156.68232218424478
42527,42481,47,35.0,170.1927744547526
42528,42481,48,41.0,183.418217976888
42529,42481,49,46.0,191.0420176188151
42530,42481,50,56.0,187.52200317382812
42531,42481,51,69.0,163.53707885742188
42532,42481,52,79.0,174.92685445149738
42533,42481,53,76.0,187.87149047851562
42534,42481,54,65.0,175.02133178710938
42535,42481,55,69.0,153.95484415690103
42536,42481,56,74.0,148.26507059733072
42537,42481,57,79.0,146.7934137980143
42538,42481,58,78.0,142.9725850423177
42539,42481,59,87.0,136.68406677246094
42540,42481,60,82.0,134.8829828898112
42541,42481,61,74.0,129.72178649902344
42542,42481,62,77.0,133.37106577555338
42543,42481,63,84.0,146.70877838134766
42544,42481,64,87.0,150.7421646118164
42545,42481,65,91.0,147.05084737141925
42546,42481,66,77.0,147.40294901529947
42547,42481,67,74.0,161.12674458821613
42548,42481,68,84.0,171.53700764973956
42549,42481,69,89.0,180.06099955240884
42550,42481,70,94.0,198.09698486328125
42551,42481,71,92.0,199.55128987630206
42552,42481,72,97.0,213.58547973632812
42553,42481,73,92.0,199.10727437337238
42554,42481,74,98.0,175.2563273111979
42555,42481,75,116.0,181.79659016927081
42556,42481,76,113.0,180.531010945638
42557,42481,77,101.0,161.5113321940104
42558,42481,78,87.0,148.57305399576822
42559,42481,79,54.0,139.0368220011393
42560,42481,80,50.0,128.12301890055338
42561,42481,81,42.0,123.11750284830728
42562,42481,82,38.0,119.36766815185545
42563,42481,83,38.0,110.66431935628255
42564,42481,84,39.0,103.67582956949869
42565,42481,85,33.0,95.99356079101562
42566,42481,86,34.0,119.17154947916666
42567,42481,87,40.0,117.44164021809894
42568,42481,88,48.0,129.79621632893878
42569,42481,89,45.0,132.5606918334961
42570,42481,90,39.0,140.71774291992188
42571,42481,91,44.0,147.45270284016925
42572,42481,92,57.0,179.24893188476562
42573,42481,93,77.0,189.63863118489581
42574,42481,94,76.0,186.48928833007812
42575,42481,95,98.0,186.86284891764322
42576,42481,96,101.0,200.74479166666666
42577,42481,97,104.0,195.7657928466797
42578,42481,98,106.0,205.94247945149738
42579,42481,99,108.0,200.81823221842447
42580,42481,100,98.0,180.71551513671875
42581,42481,101,79.0,162.21367899576822
42582,42481,102,44.0,152.06658426920572
42583,42481,103,33.0,147.20291392008463
42584,42481,104,45.0,140.64993286132812
42585,42481,105,53.0,135.58043416341144
42586,42481,106,47.0,131.27789052327472
42587,42481,107,42.0,127.51835632324217
42588,42481,108,34.0,119.41895039876302
42589,42481,109,38.0,122.67899576822916
42590,42481,110,41.0,133.61778259277344
42591,42481,111,56.0,134.49379475911456
42592,42481,112,59.0,131.83044179280597
42593,42481,113,68.0,134.99169158935547
42594,42481,114,79.0,150.5242462158203
42595,42481,115,79.0,168.20230102539062
42596,42481,116,111.0,166.34504191080728
42597,42481,117,147.0,175.8549601236979
42598,42481,118,153.0,189.9229024251302
42599,42481,119,145.0,194.551762898763
42600,42481,120,143.0,196.54405721028644
42601,42481,121,144.0,190.49689737955728
42602,42481,122,200.0,177.1305185953776
42603,42481,123,239.0,167.68936157226562
42604,42481,124,185.0,149.35408782958984
42605,42481,125,163.0,147.49259185791016
42606,42481,126,28.0,141.5978571573893
42607,42481,127,12.0,125.30742645263672
42608,42481,128,9.0,97.78936004638672
42609,42481,129,9.0,85.94613774617513
42610,42481,130,11.0,85.26603571573892
42611,42481,131,15.0,83.53045018513997
42612,42481,132,13.0,84.22932306925455
42613,42481,133,14.0,83.38126373291016
42614,42481,134,17.0,85.31472905476888
42615,42481,135,18.0,82.19787470499674
42616,42481,136,16.0,80.56512959798177
42617,42481,137,11.0,80.55293401082356
42618,42481,138,7.0,79.49855295817056
42619,42481,139,9.0,74.63306299845377
42620,42481,140,13.0,76.7832056681315
42621,42481,141,16.0,68.51643625895181
42622,42481,142,8.0,66.15965270996094
42623,42481,143,19.0,42.59146372477213
42624,42481,144,8.0,35.9575449625651
42625,42481,145,9.0,33.01069259643555
42626,42481,146,5.0,33.0406748453776
42627,42481,147,2.0,26.494277954101562
42628,42481,148,2.0,21.247561136881508
42629,42481,149,3.0,14.419893900553385
42630,42481,150,3.0,11.110140482584635
42631,42481,151,6.0,4.942838033040364
42632,42481,152,4.0,0.0
42633,42481,153,4.0,0.0
42634,42481,154,5.0,0.0
42635,42481,155,6.0,0.0
42636,42481,156,6.0,0.0
42637,42481,157,5.0,0.0
42638,42481,158,4.0,0.0
42639,42481,159,6.0,0.0
42640,42481,160,5.0,2.6715469360351562
42641,42481,161,3.0,5.7889251708984375
42642,42481,162,5.0,7.929860432942708
42643,42481,163,7.0,9.683125813802082
42644,42481,164,9.0,11.553782145182291
42645,42481,165,11.0,13.351003011067707
42646,42481,166,12.0,16.248591105143227
42647,42481,167,15.0,3.818410237630208
42648,42481,168,17.0,29.510169982910156
42649,42649,1,12.0,26.076166788736977
42650,42649,2,11.0,22.002513885498047
42651,42649,3,12.0,28.50812276204427
42652,42649,4,12.0,26.852864583333332
42653,42649,5,11.0,50.71869913736979
42654,42649,6,13.0,60.451535542805985
42655,42649,7,15.0,58.03535461425781
42656,42649,8,21.0,81.5586191813151
42657,42649,9,21.0,83.43376159667969
42658,42649,10,40.0,53.40967051188151
42659,42649,11,40.0,57.95463307698567
42660,42649,12,20.0,54.73516082763672
42661,42649,13,16.0,43.49823888142903
42662,42649,14,26.0,48.321356455485024
42663,42649,15,25.0,49.89546203613281
42664,42649,16,25.0,53.76544443766275
42665,42649,17,35.0,59.48146438598633
42666,42649,18,33.0,64.40465927124023
42667,42649,19,31.0,44.89506657918294
42668,42649,20,30.0,64.20337931315103
42669,42649,21,33.0,66.15939966837564
42670,42649,22,45.0,71.65385182698567
42671,42649,23,53.0,83.66996002197266
42672,42649,24,44.0,104.30577596028645
42673,42649,25,43.0,108.41976420084634
42674,42649,26,52.0,102.89542643229166
42675,42649,27,52.0,98.87977854410806
42676,42649,28,52.0,96.35154724121094
42677,42649,29,54.0,90.61064402262369
42678,42649,30,52.0,82.39205042521158
42679,42649,31,49.0,77.76384862263997
42680,42649,32,49.0,73.82325871785481
42681,42649,33,40.0,68.91658147176106
42682,42649,34,41.0,56.500794728597
42683,42649,35,24.0,49.454621632893875
42684,42649,36,30.0,30.857030232747395
42685,42649,37,21.0,27.045675913492836
42686,42649,38,22.0,33.59289423624674
42687,42649,39,20.0,41.96552276611328
42688,42649,40,21.0,52.6594975789388
42689,42649,41,21.0,53.849517822265625
42690,42649,42,25.0,65.80209350585938
42691,42649,43,32.0,71.24270502726236
42692,42649,44,35.0,93.95080312093098
42693,42649,45,50.0,97.56566874186197
42694,42649,46,74.0,106.42056783040364
42695,42649,47,64.0,103.68544514973956
42696,42649,48,90.0,105.84344991048177
42697,42649,49,138.0,123.13600667317706
42698,42649,50,182.0,156.01463317871094
42699,42649,51,210.0,151.53510538736978
42700,42649,52,208.0,143.23430887858072
42701,42649,53,152.0,146.47772471110025
42702,42649,54,122.0,132.2418467203776
42703,42649,55,87.0,124.36878712972005
42704,42649,56,62.0,133.3642349243164
42705,42649,57,52.0,129.15665690104166
42706,42649,58,52.0,114.59855143229166
42707,42649,59,59.0,113.99115244547525
42708,42649,60,96.0,111.17466481526692
42709,42649,61,128.0,118.93082427978514
42710,42649,62,141.0,129.78891245524088
42711,42649,63,167.0,144.77432759602863
42712,42649,64,206.0,152.73238118489581
42713,42649,65,227.0,162.6506805419922
42714,42649,66,246.0,151.30965169270831
42715,42649,67,230.0,145.9095001220703
42716,42649,68,239.0,140.2027130126953
42717,42649,69,238.0,137.09008280436197
42718,42649,70,250.0,135.23705546061197
42719,42649,71,261.0,139.6355997721354
42720,42649,72,283.0,152.61989339192706
42721,42649,73,273.0,174.1697998046875
42722,42649,74,281.0,164.2512461344401
42723,42649,75,218.0,152.14171346028644
42724,42649,76,222.0,149.7687021891276
42725,42649,77,206.0,141.5173848470052
42726,42649,78,304.0,142.98101806640625
42727,42649,79,299.0,151.21244303385416
42728,42649,80,284.0,143.66919708251953
42729,42649,81,266.0,143.88980611165363
42730,42649,82,256.0,135.67410532633463
42731,42649,83,79.0,125.06088256835938
42732,42649,84,38.0,108.13412221272785
42733,42649,85,22.0,97.19493865966797
42734,42649,86,15.0,92.92155202229817
42735,42649,87,21.0,89.14999389648438
42736,42649,88,18.0,83.92551930745442
42737,42649,89,19.0,82.25091044108072
42738,42649,90,16.0,79.5180892944336
42739,42649,91,17.0,71.40473429361978
42740,42649,92,15.0,65.8838996887207
42741,42649,93,24.0,69.91458129882812
42742,42649,94,12.0,68.75608189900716
42743,42649,95,19.0,69.91775385538736
42744,42649,96,13.0,69.61841074625652
42745,42649,97,12.0,70.14827346801758
42746,42649,98,13.0,68.8948491414388
42747,42649,99,12.0,60.350828806559235
42748,42649,100,13.0,48.77885437011719
42749,42649,101,11.0,37.36992263793945
42750,42649,102,11.0,17.892140706380207
42751,42649,103,9.0,15.386222839355467
42752,42649,104,11.0,31.186918894449867
42753,42649,105,17.0,36.20236587524414
42754,42649,106,19.0,36.559663136800125
42755,42649,107,19.0,31.270606994628903
42756,42649,108,16.0,22.26183827718099
42757,42649,109,14.0,15.630378723144531
42758,42649,110,15.0,15.255098978678385
42759,42649,111,15.0,16.096783955891926
42760,42649,112,8.0,14.288805643717447
42761,42649,113,13.0,16.276354471842446
42762,42649,114,16.0,21.66755930582682
42763,42649,115,27.0,20.94026184082031
42764,42649,116,47.0,49.3485107421875
42765,42649,117,54.0,72.49146779378255
42766,42649,118,62.0,75.2684834798177
42767,42649,119,66.0,87.00929005940755
42768,42649,120,72.0,87.58829498291016
42769,42649,121,81.0,100.89821370442706
42770,42649,122,138.0,93.34690856933594
42771,42649,123,121.0,89.21896870930989
42772,42649,124,78.0,86.64905802408853
42773,42649,125,78.0,82.2567990620931
42774,42649,126,63.0,79.57208506266275
42775,42649,127,45.0,78.87869008382161
42776,42649,128,39.0,79.19792938232422
42777,42649,129,40.0,77.32804870605469
42778,42649,130,42.0,75.12218983968098
42779,42649,131,41.0,74.59177652994791
42780,42649,132,53.0,66.98738225301106
42781,42649,133,52.0,81.25566736857095
42782,42649,134,61.0,85.61553446451822
42783,42649,135,59.0,91.52210235595703
42784,42649,136,53.0,99.186279296875
42785,42649,137,59.0,107.56314341227213
42786,42649,138,63.0,116.2950668334961
42787,42649,139,86.0,141.09365844726562
42788,42649,140,106.0,159.573735555013
42789,42649,141,136.0,159.89395141601562
42790,42649,142,158.0,174.85423787434894
42791,42649,143,189.0,186.95161946614581
42792,42649,144,203.0,194.27731323242188
42793,42649,145,221.0,207.10521952311194
42794,42649,146,257.0,207.75901794433594
42795,42649,147,333.0,207.38282267252603
42796,42649,148,371.0,216.50213623046872
42797,42649,149,354.0,210.25844319661456
42798,42649,150,273.0,203.50341796875
42799,42649,151,255.0,207.28420003255206
42800,42649,152,165.0,214.294687906901
42801,42649,153,198.0,208.66367085774738
42802,42649,154,275.0,207.61849975585938
42803,42649,155,320.0,218.47566731770831
42804,42649,156,284.0,220.23905436197916
42805,42649,157,346.0,220.84340413411456
42806,42649,158,311.0,224.8973897298177
42807,42649,159,372.0,227.45406087239581
42808,42649,160,399.0,227.78573099772132
42809,42649,161,370.0,234.20399983723956
42810,42649,162,327.0,243.0217844645182
42811,42649,163,346.0,241.35960388183594
42812,42649,164,351.0,245.93397013346353
42813,42649,165,362.0,246.16534423828125
42814,42649,166,394.0,255.84377034505206
42815,42649,167,409.0,260.8429260253906
42816,42649,168,384.0,246.82217407226562
42817,42817,1,393.0,342.3338724772135
42818,42817,2,380.0,306.94032796223956
42819,42817,3,330.0,285.35744222005206
42820,42817,4,324.0,305.45417277018225
42821,42817,5,334.0,314.08893839518225
42822,42817,6,334.0,306.8070068359375
42823,42817,7,368.0,304.474619547526
42824,42817,8,360.0,291.4039611816406
42825,42817,9,324.0,284.29864501953125
42826,42817,10,299.0,277.232920328776
42827,42817,11,305.0,276.988779703776
42828,42817,12,290.0,273.45466105143225
42829,42817,13,314.0,268.7834065755208
42830,42817,14,315.0,262.3150227864583
42831,42817,15,306.0,256.85951741536456
42832,42817,16,292.0,245.02279663085938
42833,42817,17,315.0,238.8745625813802
42834,42817,18,332.0,236.38071187337238
42835,42817,19,342.0,270.66767374674475
42836,42817,20,338.0,278.843017578125
42837,42817,21,375.0,286.90172322591144
42838,42817,22,368.0,280.341064453125
42839,42817,23,362.0,294.55655924479163
42840,42817,24,355.0,296.94176228841144
42841,42817,25,348.0,287.71288045247394
42842,42817,26,341.0,255.99103800455728
42843,42817,27,334.0,238.4090627034505
42844,42817,28,328.0,220.4388936360677
42845,42817,29,321.0,242.0504150390625
42846,42817,30,314.0,236.08681233723956
42847,42817,31,307.0,204.34302775065103
42848,42817,32,300.0,177.92154947916666
42849,42817,33,294.0,195.4474334716797
42850,42817,34,287.0,200.49178059895831
42851,42817,35,177.0,188.30050150553384
42852,42817,36,133.0,173.95257059733072
42853,42817,37,93.0,152.52660115559894
42854,42817,38,82.0,134.5555903116862
42855,42817,39,86.0,122.1605275472005
42856,42817,40,88.0,93.06352106730142
42857,42817,41,33.0,61.661183675130204
42858,42817,42,16.0,54.965904235839844
42859,42817,43,19.0,53.38544718424478
42860,42817,44,22.0,72.30046844482422
42861,42817,45,31.0,107.90543111165364
42862,42817,46,37.0,101.64294179280598
42863,42817,47,38.0,99.54430135091144
42864,42817,48,30.0,88.61629486083984
42865,42817,49,17.0,78.25661977132161
42866,42817,50,9.0,58.968043009440095
42867,42817,51,9.0,76.57912953694661
42868,42817,52,12.0,88.6755625406901
42869,42817,53,8.0,88.51205952962239
42870,42817,54,10.0,65.72386423746744
42871,42817,55,13.0,71.58052825927734
42872,42817,56,15.0,66.68327458699544
42873,42817,57,29.0,57.426029205322266
42874,42817,58,31.0,44.044057210286454
42875,42817,59,37.0,36.52915700276692
42876,42817,60,36.0,30.494230906168617
42877,42817,61,31.0,33.63296763102213
42878,42817,62,26.0,42.22291946411133
42879,42817,63,28.0,53.696069081624344
42880,42817,64,26.0,56.45876948038737
42881,42817,65,38.0,61.98634719848633
42882,42817,66,48.0,74.43698120117188
42883,42817,67,65.0,86.54010264078775
42884,42817,68,79.0,95.43172454833984
42885,42817,69,101.0,124.37438456217447
42886,42817,70,123.0,154.72574869791666
42887,42817,71,146.0,166.0897267659505
42888,42817,72,127.0,166.7999267578125
42889,42817,73,107.0,173.79318745930988
42890,42817,74,106.0,172.6692911783854
42891,42817,75,116.0,234.91108194986978
42892,42817,76,100.0,242.2972717285156
42893,42817,77,91.0,237.8027852376302
42894,42817,78,91.0,236.09743245442706
42895,42817,79,99.0,235.6466369628906
42896,42817,80,110.0,231.27919006347656
42897,42817,81,111.0,219.7768096923828
42898,42817,82,113.0,211.28876241048175
42899,42817,83,101.0,202.050053914388
42900,42817,84,101.0,237.98046875
42901,42817,85,111.0,248.69888814290363
42902,42817,86,114.0,255.39131673177081
42903,42817,87,119.0,255.25970458984375
42904,42817,88,141.0,257.1928507486979
42905,42817,89,149.0,249.03366088867188
42906,42817,90,134.0,266.61783854166663
42907,42817,91,143.0,270.35602823893225
42908,42817,92,174.0,275.58812459309894
42909,42817,93,182.0,276.9527587890625
42910,42817,94,181.0,276.3407796223958
42911,42817,95,186.0,272.9015808105469
42912,42817,96,193.0,295.8023376464844
42913,42817,97,240.0,272.12433878580725
42914,42817,98,289.0,237.22935994466144
42915,42817,99,282.0,211.60782368977863
42916,42817,100,188.0,193.33114624023438
42917,42817,101,175.0,178.44732666015625
42918,42817,102,150.0,149.62525177001953
42919,42817,103,116.0,126.42759704589844
42920,42817,104,100.0,103.32101440429688
42921,42817,105,42.0,94.36781692504883
42922,42817,106,41.0,111.4170659383138
42923,42817,107,30.0,77.13632837931314
42924,42817,108,28.0,61.3648796081543
42925,42817,109,19.0,57.37599309285481
42926,42817,110,22.0,78.14320627848306
42927,42817,111,22.0,76.35221735636392
42928,42817,112,22.0,77.28139368693033
42929,42817,113,31.0,91.97709782918294
42930,42817,114,31.0,98.39337921142578
42931,42817,115,44.0,104.79718017578125
42932,42817,116,46.0,109.40314737955728
42933,42817,117,62.0,121.72608439127603
42934,42817,118,80.0,165.2142333984375
42935,42817,119,129.0,170.5399220784505
42936,42817,120,118.0,178.18592325846353
42937,42817,121,90.0,193.0087178548177
42938,42817,122,78.0,210.84867350260416
42939,42817,123,86.0,208.4894561767578
42940,42817,124,111.0,210.56078084309894
42941,42817,125,144.0,204.58146158854166
42942,42817,126,121.0,191.032964070638
42943,42817,127,112.0,203.1344502766927
42944,42817,128,111.0,207.78975423177081
42945,42817,129,146.0,208.2908020019531
42946,42817,130,159.0,217.08504740397132
42947,42817,131,151.0,215.98914591471353
42948,42817,132,143.0,208.25865681966144
42949,42817,133,157.0,214.14696248372394
42950,42817,134,174.0,207.45326232910153
42951,42817,135,199.0,206.94216918945312
42952,42817,136,192.0,231.5096944173177
42953,42817,137,189.0,231.83492024739581
42954,42817,138,159.0,229.62869262695312
42955,42817,139,205.0,233.08334350585935
42956,42817,140,230.0,280.8517761230469
42957,42817,141,280.0,290.774180094401
42958,42817,142,266.0,281.4174092610677
42959,42817,143,311.0,273.1604817708333
42960,42817,144,342.0,270.44500732421875
42961,42817,145,323.0,266.451171875
42962,42817,146,299.0,292.60817464192706
42963,42817,147,283.0,290.64179484049475
42964,42817,148,258.0,282.9084981282552
42965,42817,149,239.0,292.13441975911456
42966,42817,150,236.0,287.3006286621094
42967,42817,151,241.0,277.85431925455725
42968,42817,152,226.0,286.4085489908854
42969,42817,153,215.0,282.7659606933594
42970,42817,154,201.0,283.02257283528644
42971,42817,155,201.0,270.0011088053385
42972,42817,156,234.0,257.2721761067708
42973,42817,157,241.0,250.9031778971354
42974,42817,158,250.0,266.50882975260413
42975,42817,159,259.0,276.98827107747394
42976,42817,160,289.0,274.92289225260413
42977,42817,161,330.0,276.47072347005206
42978,42817,162,350.0,283.3915812174479
42979,42817,163,350.0,279.567138671875
42980,42817,164,388.0,279.8731282552083
42981,42817,165,379.0,276.5287679036458
42982,42817,166,436.0,308.39631144205725
42983,42817,167,502.0,315.4127705891927
42984,42817,168,522.0,291.3268737792969
42985,42985,1,470.0,302.9236653645833
42986,42985,2,439.0,296.97773234049475
42987,42985,3,362.0,259.2806040445963
42988,42985,4,176.0,186.61642964680988
42989,42985,5,98.0,147.1763483683268
42990,42985,6,24.0,108.01287333170572
42991,42985,7,20.0,85.82172266642252
42992,42985,8,11.0,95.33355204264322
42993,42985,9,11.0,69.3045883178711
42994,42985,10,14.0,47.03155517578125
42995,42985,11,14.0,37.522658030192055
42996,42985,12,16.0,28.66382344563802
42997,42985,13,13.0,28.8430913289388
42998,42985,14,13.0,25.100794474283852
42999,42985,15,14.0,34.209398905436196
43000,42985,16,18.0,30.72671127319336
43001,42985,17,17.0,32.82666142781575
43002,42985,18,16.0,32.27077102661133
43003,42985,19,20.0,38.93551381429036
43004,42985,20,30.0,92.31841786702473
43005,42985,21,24.0,101.2981185913086
43006,42985,22,34.0,96.09363555908203
43007,42985,23,37.0,107.90529123942056
43008,42985,24,39.0,106.44623819986978
43009,42985,25,34.0,127.01786295572916
43010,42985,26,39.0,121.22896321614581
43011,42985,27,49.0,114.3630625406901
43012,42985,28,51.0,114.63221740722656
43013,42985,29,52.0,122.79935201009113
43014,42985,30,70.0,127.48591105143228
43015,42985,31,83.0,131.3976338704427
43016,42985,32,92.0,130.70965321858722
43017,42985,33,95.0,116.61620330810547
43018,42985,34,83.0,102.29618326822916
43019,42985,35,66.0,98.85101572672525
43020,42985,36,66.0,135.3236592610677
43021,42985,37,77.0,151.1267598470052
43022,42985,38,74.0,151.83280436197916
43023,42985,39,70.0,157.7531026204427
43024,42985,40,86.0,161.7895050048828
43025,42985,41,90.0,161.62628173828125
43026,42985,42,91.0,156.8564249674479
43027,42985,43,99.0,156.99193318684894
43028,42985,44,129.0,158.43365478515625
43029,42985,45,168.0,162.89630126953125
43030,42985,46,200.0,162.10555521647134
43031,42985,47,214.0,168.91832987467447
43032,42985,48,211.0,171.42840067545572
43033,42985,49,219.0,172.81253560384113
43034,42985,50,237.0,226.68263753255206
43035,42985,51,248.0,243.6838226318359
43036,42985,52,254.0,247.7840627034505
43037,42985,53,254.0,235.66232299804688
43038,42985,54,252.0,224.3317159016927
43039,42985,55,277.0,214.72537231445312
43040,42985,56,291.0,236.57305908203125
43041,42985,57,287.0,231.51387532552081
43042,42985,58,295.0,224.84418741861978
43043,42985,59,287.0,239.4776662190755
43044,42985,60,325.0,241.859619140625
43045,42985,61,301.0,244.512949625651
43046,42985,62,311.0,245.488037109375
43047,42985,63,369.0,264.82961018880206
43048,42985,64,380.0,274.355967203776
43049,42985,65,393.0,276.5918986002604
43050,42985,66,344.0,259.7618001302083
43051,42985,67,343.0,248.68844604492188
43052,42985,68,343.0,258.94643147786456
43053,42985,69,323.0,254.2549133300781
43054,42985,70,328.0,250.60012817382812
43055,42985,71,312.0,240.94846598307288
43056,42985,72,264.0,231.66937255859375
43057,42985,73,242.0,260.998057047526
43058,42985,74,254.0,276.01593017578125
43059,42985,75,204.0,272.34781901041663
43060,42985,76,194.0,246.7116546630859
43061,42985,77,227.0,224.3601582845052
43062,42985,78,242.0,209.33534749348956
43063,42985,79,235.0,201.05931091308594
43064,42985,80,168.0,185.61075337727863
43065,42985,81,20.0,147.81356302897134
43066,42985,82,18.0,124.48395284016927
43067,42985,83,16.0,105.51465606689452
43068,42985,84,24.0,72.4387118021647
43069,42985,85,23.0,34.93657557169596
43070,42985,86,36.0,15.473436991373697
43071,42985,87,43.0,8.242052714029947
43072,42985,88,30.0,3.931073506673177
43073,42985,89,19.0,0.0
43074,42985,90,14.0,0.2481257120768229
43075,42985,91,18.0,0.0
43076,42985,92,27.0,0.0
43077,42985,93,31.0,0.0
43078,42985,94,44.0,0.0
43079,42985,95,32.0,0.0
43080,42985,96,33.0,2.773981730143229
43081,42985,97,48.0,7.0227406819661455
43082,42985,98,36.0,12.290205637613932
43083,42985,99,25.0,13.923140207926432
43084,42985,100,21.0,12.224525451660156
43085,42985,101,13.0,11.071464538574219
43086,42985,102,13.0,9.056045532226562
43087,42985,103,12.0,10.14227803548177
43088,42985,104,13.0,11.180096944173176
43089,42985,105,12.0,11.729803721110025
43090,42985,106,11.0,11.002156575520832
43091,42985,107,10.0,9.515663146972656
43092,42985,108,12.0,9.710787455240885
43093,42985,109,14.0,7.1906178792317705
43094,42985,110,11.0,4.877316792805989
43095,42985,111,10.0,5.5661468505859375
43096,42985,112,9.0,8.629480997721354
43097,42985,113,9.0,7.8295440673828125
43098,42985,114,8.0,9.271357218424479
43099,42985,115,9.0,9.1689453125
43100,42985,116,15.0,11.316151936848957
43101,42985,117,19.0,10.168230692545572
43102,42985,118,8.0,11.055521647135416
43103,42985,119,15.0,8.567398071289062
43104,42985,120,8.0,13.297120412190754
43105,42985,121,15.0,16.012250264485676
43106,42985,122,11.0,15.349140167236328
43107,42985,123,13.0,25.901288350423176
43108,42985,124,11.0,36.553497314453125
43109,42985,125,13.0,39.55968729654948
43110,42985,126,11.0,39.9001579284668
43111,42985,127,12.0,47.088043212890625
43112,42985,128,13.0,90.3208033243815
43113,42985,129,11.0,81.12149047851562
43114,42985,130,26.0,82.20126597086588
43115,42985,131,23.0,74.28524017333984
43116,42985,132,43.0,91.68967692057291
43117,42985,133,52.0,110.05371602376302
43118,42985,134,76.0,106.57074991861978
43119,42985,135,66.0,84.49083964029947
43120,42985,136,40.0,108.84549458821614
43121,42985,137,67.0,123.8833033243815
43122,42985,138,81.0,117.00601704915364
43123,42985,139,96.0,120.09641520182291
43124,42985,140,108.0,174.40794372558594
43125,42985,141,99.0,173.72528584798175
43126,42985,142,111.0,189.64682006835938
43127,42985,143,120.0,217.21280924479166
43128,42985,144,125.0,207.70301310221353
43129,42985,145,123.0,182.16297912597656
43130,42985,146,126.0,179.92695109049478
43131,42985,147,111.0,171.6186828613281
43132,42985,148,26.0,188.27620951334632
43133,42985,149,11.0,144.27040608723956
43134,42985,150,13.0,108.88501739501953
43135,42985,151,9.0,93.12773132324217
43136,42985,152,9.0,79.50233968098958
43137,42985,153,13.0,65.22541809082031
43138,42985,154,17.0,52.7564214070638
43139,42985,155,16.0,43.56797917683919
43140,42985,156,11.0,36.89205423990885
43141,42985,157,11.0,30.786109924316403
43142,42985,158,17.0,30.135954538981117
43143,42985,159,9.0,27.619300842285156
43144,42985,160,9.0,27.782814025878906
43145,42985,161,11.0,35.89097340901692
43146,42985,162,8.0,36.40054575602213
43147,42985,163,15.0,41.160109202067055
43148,42985,164,14.0,40.10993957519531
43149,42985,165,9.0,38.91056696573893
43150,42985,166,7.0,39.79570007324219
43151,42985,167,6.0,45.266859690348305
43152,42985,168,8.0,62.08815256754557
43153,43153,1,11.0,24.62636566162109
43154,43153,2,9.0,27.196756998697914
43155,43153,3,11.0,27.934242248535156
43156,43153,4,9.0,28.583722432454426
43157,43153,5,8.0,24.870521545410156
43158,43153,6,5.0,18.39204661051432
43159,43153,7,6.0,10.63238525390625
43160,43153,8,9.0,15.08099873860677
43161,43153,9,6.0,12.494932810465494
43162,43153,10,7.0,13.57480494181315
43163,43153,11,7.0,14.333919525146484
43164,43153,12,6.0,14.411295572916666
43165,43153,13,9.0,10.724606831868488
43166,43153,14,11.0,7.364420572916666
43167,43153,15,10.0,6.094228108723958
43168,43153,16,10.0,6.274831136067708
43169,43153,17,8.0,6.2203420003255205
43170,43153,18,7.0,6.964937845865885
43171,43153,19,10.0,9.164133707682291
43172,43153,20,8.0,9.969612121582031
43173,43153,21,17.0,5.548311869303385
43174,43153,22,9.0,15.315630594889322
43175,43153,23,18.0,12.39401117960612
43176,43153,24,10.0,15.721800486246744
43177,43153,25,6.0,16.21289571126302
43178,43153,26,6.0,14.56281026204427
43179,43153,27,9.0,11.533739725748697
43180,43153,28,8.0,11.26635996500651
43181,43153,29,7.0,6.589922587076822
43182,43153,30,8.0,14.807257334391275
43183,43153,31,14.0,17.648956298828125
43184,43153,32,12.0,15.864616394042969
43185,43153,33,25.0,30.17183176676432
43186,43153,34,11.0,24.354092915852863
43187,43153,35,16.0,23.40198516845703
43188,43153,36,17.0,20.094491322835285
43189,43153,37,13.0,20.746156056722004
43190,43153,38,9.0,22.348681131998696
43191,43153,39,10.0,25.544281005859375
43192,43153,40,10.0,20.52637990315755
43193,43153,41,11.0,30.407936096191406
43194,43153,42,11.0,46.60612233479817
43195,43153,43,32.0,67.23061879475911
43196,43153,44,97.0,77.80113983154297
43197,43153,45,115.0,120.05132293701172
43198,43153,46,130.0,133.2380650838216
43199,43153,47,138.0,148.46325174967447
43200,43153,48,158.0,126.27835845947266
43201,43153,49,140.0,135.65740203857422
43202,43153,50,150.0,128.7639923095703
43203,43153,51,149.0,124.64189402262369
43204,43153,52,109.0,135.95536549886066
43205,43153,53,84.0,132.56053670247394
43206,43153,54,60.0,145.24757130940753
43207,43153,55,38.0,127.2818603515625
43208,43153,56,32.0,114.37633514404297
43209,43153,57,44.0,109.56244405110677
43210,43153,58,31.0,93.58645502726236
43211,43153,59,31.0,86.16338984171549
43212,43153,60,30.0,84.45680872599283
43213,43153,61,16.0,87.11579767862955
43214,43153,62,17.0,101.60844675699869
43215,43153,63,19.0,111.24215189615884
43216,43153,64,33.0,121.47742970784505
43217,43153,65,71.0,123.75230662027994
43218,43153,66,66.0,129.29808044433594
43219,43153,67,61.0,129.14122517903644
43220,43153,68,83.0,134.0224380493164
43221,43153,69,122.0,144.44643147786456
43222,43153,70,119.0,175.38859049479166
43223,43153,71,95.0,207.213872273763
43224,43153,72,93.0,196.73138427734375
43225,43153,73,102.0,194.23875427246094
43226,43153,74,174.0,197.83441670735675
43227,43153,75,137.0,198.57747904459634
43228,43153,76,80.0,216.0972137451172
43229,43153,77,63.0,217.37636311848956
43230,43153,78,72.0,213.6451721191406
43231,43153,79,59.0,215.86155700683594
43232,43153,80,59.0,209.2719573974609
43233,43153,81,72.0,204.1898701985677
43234,43153,82,79.0,201.99923706054688
43235,43153,83,77.0,203.24564615885416
43236,43153,84,96.0,155.99482218424478
43237,43153,85,54.0,124.13214874267577
43238,43153,86,34.0,112.86362202962239
43239,43153,87,18.0,104.38020579020181
43240,43153,88,22.0,101.35428873697916
43241,43153,89,21.0,103.35226440429686
43242,43153,90,15.0,103.45279184977213
43243,43153,91,13.0,102.4154790242513
43244,43153,92,11.0,105.96737670898438
43245,43153,93,17.0,99.80301157633463
43246,43153,94,18.0,99.18775939941406
43247,43153,95,16.0,98.54823430379231
43248,43153,96,17.0,101.98156229654947
43249,43153,97,18.0,90.7888832092285
43250,43153,98,16.0,98.37053171793619
43251,43153,99,15.0,116.95601654052733
43252,43153,100,17.0,109.03695170084634
43253,43153,101,19.0,108.59910074869791
43254,43153,102,15.0,111.4652353922526
43255,43153,103,22.0,108.26709493001302
43256,43153,104,20.0,107.10273996988931
43257,43153,105,21.0,118.51100158691406
43258,43153,106,32.0,135.2670440673828
43259,43153,107,20.0,118.50060272216795
43260,43153,108,31.0,105.15940348307291
43261,43153,109,40.0,115.62517038981119
43262,43153,110,102.0,113.14729944864908
43263,43153,111,117.0,118.08875274658203
43264,43153,112,100.0,127.22786712646484
43265,43153,113,118.0,139.769287109375
43266,43153,114,136.0,143.12943267822266
43267,43153,115,138.0,169.76399485270179
43268,43153,116,139.0,180.89434305826822
43269,43153,117,140.0,179.30496215820312
43270,43153,118,142.0,179.90736897786456
43271,43153,119,144.0,194.26049296061197
43272,43153,120,145.0,187.17831929524738
43273,43153,121,180.0,185.93639628092447
43274,43153,122,193.0,194.4317423502604
43275,43153,123,206.0,197.40451049804688
43276,43153,124,220.0,200.2412618001302
43277,43153,125,233.0,191.74508666992185
43278,43153,126,246.0,175.26344299316406
43279,43153,127,260.0,163.51414489746094
43280,43153,128,273.0,161.95710245768228
43281,43153,129,286.0,190.36337788899738
43282,43153,130,299.0,197.48664347330725
43283,43153,131,312.0,189.36698404947916
43284,43153,132,326.0,188.03363037109375
43285,43153,133,339.0,189.7019348144531
43286,43153,134,355.0,191.7238057454427
43287,43153,135,388.0,188.29015604654947
43288,43153,136,390.0,192.6835734049479
43289,43153,137,375.0,184.33779907226562
43290,43153,138,367.0,192.88965861002603
43291,43153,139,352.0,197.1075897216797
43292,43153,140,351.0,174.72002665201822
43293,43153,141,356.0,171.5089569091797
43294,43153,142,367.0,166.25668334960938
43295,43153,143,361.0,178.15079243977863
43296,43153,144,350.0,194.90769958496094
43297,43153,145,311.0,173.20997619628906
43298,43153,146,319.0,187.96244303385416
43299,43153,147,331.0,185.12741597493488
43300,43153,148,303.0,182.74214680989581
43301,43153,149,301.0,183.4666035970052
43302,43153,150,306.0,164.72313944498697
43303,43153,151,311.0,146.93256123860675
43304,43153,152,318.0,148.31117248535156
43305,43153,153,325.0,145.42322794596353
43306,43153,154,152.0,137.1429697672526
43307,43153,155,65.0,102.07794952392578
43308,43153,156,57.0,57.80919138590494
43309,43153,157,63.0,47.125406901041664
43310,43153,158,62.0,40.32306162516276
43311,43153,159,45.0,33.33418655395508
43312,43153,160,19.0,32.0942637125651
43313,43153,161,21.0,32.48672231038411
43314,43153,162,13.0,29.683355967203774
43315,43153,163,31.0,31.075967152913407
43316,43153,164,17.0,34.05803934733073
43317,43153,165,14.0,46.10249455769856
43318,43153,166,13.0,51.50566228230794
43319,43153,167,16.0,51.63827768961588
43320,43153,168,18.0,73.28369013468424
43321,43321,1,18.0,72.28013356526692
43322,43321,2,20.0,67.20125071207681
43323,43321,3,17.0,59.34216435750325
43324,43321,4,9.0,54.07485580444336
43325,43321,5,16.0,48.87796783447265
43326,43321,6,14.0,42.90276336669922
43327,43321,7,7.0,36.39201100667317
43328,43321,8,15.0,28.02982457478841
43329,43321,9,11.0,25.59748077392578
43330,43321,10,13.0,13.146316528320312
43331,43321,11,16.0,25.193510691324867
43332,43321,12,14.0,30.50995635986328
43333,43321,13,14.0,27.63048553466797
43334,43321,14,14.0,24.085311889648438
43335,43321,15,14.0,22.726661682128906
43336,43321,16,12.0,23.71951802571614
43337,43321,17,29.0,10.311904907226562
43338,43321,18,40.0,32.88734817504883
43339,43321,19,92.0,33.62171681722005
43340,43321,20,76.0,44.48821385701497
43341,43321,21,81.0,54.187043507893875
43342,43321,22,32.0,25.727063496907554
43343,43321,23,9.0,18.033533732096352
43344,43321,24,12.0,31.47136688232422
43345,43321,25,8.0,40.83305994669596
43346,43321,26,8.0,43.04478327433268
43347,43321,27,8.0,29.41421127319336
43348,43321,28,9.0,23.889077504475914
43349,43321,29,12.0,19.509501139322914
43350,43321,30,14.0,16.144251505533852
43351,43321,31,9.0,16.025811513264973
43352,43321,32,7.0,16.43831507364909
43353,43321,33,8.0,29.684101104736325
43354,43321,34,12.0,39.874821980794266
43355,43321,35,13.0,38.457664489746094
43356,43321,36,9.0,34.833974202473954
43357,43321,37,17.0,36.53840637207031
43358,43321,38,18.0,43.64143371582031
43359,43321,39,14.0,50.84009679158528
43360,43321,40,10.0,53.84137217203776
43361,43321,41,12.0,57.19169616699218
43362,43321,42,9.0,62.12450281778971
43363,43321,43,14.0,46.41867574055989
43364,43321,44,17.0,84.53037007649739
43365,43321,45,21.0,89.48581441243489
43366,43321,46,47.0,106.30017979939778
43367,43321,47,18.0,120.47075144449869
43368,43321,48,15.0,114.9088897705078
43369,43321,49,12.0,108.88943227132161
43370,43321,50,16.0,107.01184844970703
43371,43321,51,15.0,128.83160146077472
43372,43321,52,13.0,138.56852213541666
43373,43321,53,16.0,141.31885528564453
43374,43321,54,16.0,145.61540985107422
43375,43321,55,10.0,145.16529846191406
43376,43321,56,13.0,156.71906026204425
43377,43321,57,33.0,135.51347096761066
43378,43321,58,37.0,146.6880900065104
43379,43321,59,36.0,138.1948267618815
43380,43321,60,53.0,129.49468739827472
43381,43321,61,58.0,141.105593363444
43382,43321,62,46.0,130.874028523763
43383,43321,63,43.0,124.19572703043619
43384,43321,64,41.0,110.91609954833984
43385,43321,65,44.0,109.60616302490234
43386,43321,66,72.0,111.61108144124348
43387,43321,67,80.0,116.2037607828776
43388,43321,68,86.0,125.45763651529947
43389,43321,69,82.0,160.4161885579427
43390,43321,70,86.0,187.85238647460938
43391,43321,71,98.0,177.78468831380206
43392,43321,72,112.0,165.2325693766276
43393,43321,73,126.0,159.92098490397134
43394,43321,74,192.0,155.98841349283853
43395,43321,75,212.0,170.4393564860026
43396,43321,76,144.0,170.44606526692706
43397,43321,77,107.0,158.99574279785156
43398,43321,78,86.0,149.14651489257812
43399,43321,79,90.0,138.88631184895831
43400,43321,80,95.0,132.57820638020831
43401,43321,81,71.0,131.04108174641925
43402,43321,82,76.0,136.2975311279297
43403,43321,83,75.0,137.07757314046222
43404,43321,84,58.0,113.24456024169922
43405,43321,85,53.0,101.66216278076172
43406,43321,86,59.0,111.04668935139973
43407,43321,87,49.0,107.89913431803384
43408,43321,88,44.0,111.5157241821289
43409,43321,89,50.0,116.89320119222005
43410,43321,90,68.0,130.56442006429035
43411,43321,91,110.0,136.98395284016925
43412,43321,92,129.0,143.14388529459634
43413,43321,93,123.0,165.477544148763
43414,43321,94,109.0,183.1320597330729
43415,43321,95,132.0,173.2569122314453
43416,43321,96,160.0,171.29215494791663
43417,43321,97,167.0,176.47645060221353
43418,43321,98,257.0,181.80289204915363
43419,43321,99,291.0,188.58320109049475
43420,43321,100,305.0,181.11725870768225
43421,43321,101,307.0,173.5943603515625
43422,43321,102,293.0,173.31256612141925
43423,43321,103,269.0,157.14679718017578
43424,43321,104,47.0,124.90149688720703
43425,43321,105,24.0,102.39965057373047
43426,43321,106,17.0,100.91014099121094
43427,43321,107,12.0,101.9289067586263
43428,43321,108,9.0,103.68143717447916
43429,43321,109,10.0,104.3919219970703
43430,43321,110,9.0,95.1775182088216
43431,43321,111,11.0,84.97232818603516
43432,43321,112,8.0,80.846435546875
43433,43321,113,13.0,75.23030598958333
43434,43321,114,12.0,80.84526062011719
43435,43321,115,10.0,80.50468699137369
43436,43321,116,9.0,81.66424560546875
43437,43321,117,18.0,82.55130004882812
43438,43321,118,10.0,81.81305948893228
43439,43321,119,11.0,81.02606455485025
43440,43321,120,11.0,69.85441335042316
43441,43321,121,6.0,58.870639801025376
43442,43321,122,6.0,57.25209554036458
43443,43321,123,6.0,50.93931198120117
43444,43321,124,5.0,50.6941795349121
43445,43321,125,10.0,45.15938186645508
43446,43321,126,9.0,40.72892252604166
43447,43321,127,11.0,40.6044921875
43448,43321,128,11.0,39.90884145100911
43449,43321,129,8.0,36.51071039835612
43450,43321,130,12.0,39.1075325012207
43451,43321,131,15.0,44.70392862955729
43452,43321,132,11.0,47.868657430013016
43453,43321,133,9.0,53.07280858357747
43454,43321,134,25.0,51.95650863647461
43455,43321,135,23.0,49.53850428263346
43456,43321,136,13.0,42.91165415445963
43457,43321,137,8.0,42.36897404988606
43458,43321,138,10.0,39.83147430419922
43459,43321,139,11.0,44.26861572265625
43460,43321,140,12.0,41.48397445678711
43461,43321,141,14.0,47.765675862630204
43462,43321,142,14.0,48.66188430786133
43463,43321,143,10.0,50.876283009847
43464,43321,144,8.0,58.96488316853841
43465,43321,145,9.0,64.5184326171875
43466,43321,146,9.0,72.00994110107422
43467,43321,147,8.0,65.39883422851562
43468,43321,148,17.0,79.30923970540364
43469,43321,149,30.0,71.68806838989258
43470,43321,150,43.0,64.69585927327473
43471,43321,151,57.0,69.34652837117513
43472,43321,152,65.0,93.60096232096353
43473,43321,153,80.0,101.85041046142578
43474,43321,154,88.0,106.68418375651041
43475,43321,155,96.0,111.23008982340494
43476,43321,156,121.0,104.98644510904947
43477,43321,157,152.0,100.67040506998697
43478,43321,158,172.0,101.71249771118164
43479,43321,159,128.0,104.53402964274088
43480,43321,160,77.0,97.36491775512695
43481,43321,161,65.0,102.90000406901041
43482,43321,162,79.0,128.4269282023112
43483,43321,163,93.0,154.2403132120768
43484,43321,164,104.0,149.5466562906901
43485,43321,165,202.0,158.91483815511066
43486,43321,166,245.0,162.118896484375
43487,43321,167,225.0,171.11590067545572
43488,43321,168,180.0,176.22469075520831
43489,43489,1,180.0,170.10794576009113
43490,43489,2,170.0,197.183598836263
43491,43489,3,160.0,178.94032287597656
43492,43489,4,146.0,166.93554178873697
43493,43489,5,125.0,155.91722615559894
43494,43489,6,130.0,151.70928955078125
43495,43489,7,138.0,139.46999104817706
43496,43489,8,147.0,132.50436147054035
43497,43489,9,135.0,131.1808344523112
43498,43489,10,136.0,129.85960642496744
43499,43489,11,124.0,145.1025848388672
43500,43489,12,135.0,161.067143758138
43501,43489,13,132.0,163.25938924153644
43502,43489,14,133.0,172.921635945638
43503,43489,15,142.0,188.03309122721353
43504,43489,16,163.0,188.7776641845703
43505,43489,17,166.0,189.02941385904947
43506,43489,18,189.0,221.49314880371094
43507,43489,19,202.0,222.5609181722005
43508,43489,20,228.0,212.3844757080078
43509,43489,21,240.0,214.36319986979166
43510,43489,22,235.0,239.25417073567706
43511,43489,23,252.0,239.49733988444007
43512,43489,24,254.0,244.09988403320312
43513,43489,25,274.0,255.16103108723956
43514,43489,26,253.0,233.95462544759113
43515,43489,27,248.0,217.1783447265625
43516,43489,28,219.0,203.94862365722656
43517,43489,29,199.0,193.37874857584634
43518,43489,30,198.0,185.04315185546875
43519,43489,31,204.0,163.66791788736978
43520,43489,32,66.0,132.59206136067706
43521,43489,33,22.0,110.03211720784503
43522,43489,34,19.0,104.25509643554688
43523,43489,35,16.0,100.34865315755208
43524,43489,36,11.0,101.07870229085286
43525,43489,37,17.0,93.58678690592447
43526,43489,38,15.0,86.96579488118489
43527,43489,39,14.0,82.70304107666016
43528,43489,40,12.0,77.89188639322916
43529,43489,41,7.0,67.33768463134766
43530,43489,42,7.0,58.953070322672524
43531,43489,43,15.0,54.26823806762695
43532,43489,44,7.0,52.30993779500325
43533,43489,45,10.0,54.48530705769856
43534,43489,46,8.0,55.2739626566569
43535,43489,47,12.0,53.17990366617838
43536,43489,48,11.0,52.9423853556315
43537,43489,49,9.0,51.04440053304036
43538,43489,50,14.0,54.08903249104817
43539,43489,51,8.0,57.70304234822591
43540,43489,52,12.0,58.408784230550125
43541,43489,53,11.0,54.30237452189127
43542,43489,54,12.0,50.25718816121419
43543,43489,55,15.0,46.031534830729164
43544,43489,56,12.0,47.15250905354817
43545,43489,57,12.0,42.39785385131836
43546,43489,58,12.0,41.472619374593094
43547,43489,59,12.0,40.78443272908528
43548,43489,60,12.0,39.594262440999344
43549,43489,61,12.0,40.344947814941406
43550,43489,62,12.0,36.82163619995117
43551,43489,63,12.0,35.65814971923828
43552,43489,64,12.0,44.42560831705729
43553,43489,65,12.0,43.443748474121094
43554,43489,66,12.0,47.55736541748046
43555,43489,67,14.0,47.68270619710286
43556,43489,68,10.0,48.20973459879556
43557,43489,69,7.0,43.476960500081375
43558,43489,70,8.0,37.65742492675781
43559,43489,71,6.0,36.61854044596354
43560,43489,72,4.0,39.55916086832682
43561,43489,73,4.0,34.74682108561198
43562,43489,74,7.0,30.498669942220047
43563,43489,75,6.0,29.39192708333333
43564,43489,76,8.0,28.08246612548828
43565,43489,77,7.0,26.88397725423177
43566,43489,78,6.0,24.53064727783203
43567,43489,79,9.0,22.373865763346352
43568,43489,80,9.0,23.453815460205078
43569,43489,81,9.0,26.469982147216797
43570,43489,82,8.0,30.89445114135742
43571,43489,83,11.0,31.948033650716145
43572,43489,84,17.0,38.73554992675781
43573,43489,85,21.0,44.660706837972
43574,43489,86,12.0,49.60852940877278
43575,43489,87,20.0,53.316214243570954
43576,43489,88,15.0,54.06301879882812
43577,43489,89,13.0,58.42064158121744
43578,43489,90,14.0,62.05074946085612
43579,43489,91,20.0,66.6548843383789
43580,43489,92,32.0,37.78434117635091
43581,43489,93,33.0,56.78402582804362
43582,43489,94,46.0,68.75260416666666
43583,43489,95,53.0,78.36127726236978
43584,43489,96,64.0,109.77398935953775
43585,43489,97,53.0,107.04045867919922
43586,43489,98,72.0,106.14537811279297
43587,43489,99,85.0,112.77849578857422
43588,43489,100,95.0,116.07825724283853
43589,43489,101,98.0,116.77998860677083
43590,43489,102,105.0,138.53171030680338
43591,43489,103,117.0,131.66201782226562
43592,43489,104,117.0,152.0820109049479
43593,43489,105,126.0,138.8654022216797
43594,43489,106,145.0,121.24897257486978
43595,43489,107,136.0,119.24617258707681
43596,43489,108,95.0,112.22969563802081
43597,43489,109,80.0,115.2429453531901
43598,43489,110,51.0,104.47304280598958
43599,43489,111,67.0,106.69182078043619
43600,43489,112,71.0,109.78162638346353
43601,43489,113,63.0,109.55516306559244
43602,43489,114,80.0,113.94092559814453
43603,43489,115,75.0,116.69062042236327
43604,43489,116,87.0,146.26693725585938
43605,43489,117,105.0,156.7576726277669
43606,43489,118,125.0,171.37530517578122
43607,43489,119,115.0,174.3222910563151
43608,43489,120,123.0,181.58751932779944
43609,43489,121,142.0,197.21991984049478
43610,43489,122,178.0,193.46552022298175
43611,43489,123,163.0,186.94473775227863
43612,43489,124,162.0,182.94656880696613
43613,43489,125,145.0,167.84989420572916
43614,43489,126,114.0,155.82303873697916
43615,43489,127,84.0,150.26668802897134
43616,43489,128,102.0,146.43647257486978
43617,43489,129,82.0,136.1765416463216
43618,43489,130,88.0,132.64984639485675
43619,43489,131,90.0,120.39705149332681
43620,43489,132,88.0,117.20613606770833
43621,43489,133,95.0,107.18886057535806
43622,43489,134,81.0,100.82251739501953
43623,43489,135,89.0,92.30056762695311
43624,43489,136,95.0,86.84235382080078
43625,43489,137,57.0,85.92687733968098
43626,43489,138,62.0,104.317751566569
43627,43489,139,234.0,125.70897674560547
43628,43489,140,118.0,121.34281412760416
43629,43489,141,108.0,102.04159800211588
43630,43489,142,33.0,109.13020833333331
43631,43489,143,21.0,105.18712107340494
43632,43489,144,14.0,104.71789042154947
43633,43489,145,13.0,107.77325693766275
43634,43489,146,9.0,110.84824879964192
43635,43489,147,10.0,93.5829391479492
43636,43489,148,11.0,87.95517476399739
43637,43489,149,9.0,85.06467946370442
43638,43489,150,15.0,77.83372497558594
43639,43489,151,13.0,69.5249875386556
43640,43489,152,12.0,57.663405100504555
43641,43489,153,11.0,57.77970759073893
43642,43489,154,18.0,64.2349141438802
43643,43489,155,17.0,59.70452245076497
43644,43489,156,11.0,50.70759073893229
43645,43489,157,12.0,51.69747797648111
43646,43489,158,14.0,50.76376342773437
43647,43489,159,14.0,45.11451466878255
43648,43489,160,12.0,44.725835164388016
43649,43489,161,16.0,45.09852854410807
43650,43489,162,16.0,49.08351898193359
43651,43489,163,12.0,48.017341613769524
43652,43489,164,20.0,47.69343058268229
43653,43489,165,23.0,48.507598876953125
43654,43489,166,16.0,49.42540740966797
43655,43489,167,17.0,42.022056579589844
43656,43489,168,18.0,59.65246073404947
